{"cameraMode":{"drawMode":0,"name":"Shaded","section":"Shading Mode"},"sceneLighting":true,"audioPlay":false,"sceneViewState":{"m_AlwaysRefresh":false,"showFog":true,"showSkybox":true,"showFlares":true,"showImageEffects":true,"showParticleSystems":true,"showVisualEffectGraphs":true,"m_FxEnabled":true},"in2DMode":false,"pivot":{"x":-2.594982862472534,"y":1.2539174556732178,"z":-4.520931720733643},"rotation":{"x":-0.009012449532747269,"y":0.9794536828994751,"z":-0.04133826866745949,"w":-0.19819805026054383},"size":12.607991218566895,"orthographic":false}