{"cameraMode":{"drawMode":0,"name":"Shaded","section":"Shading Mode"},"sceneLighting":true,"audioPlay":false,"sceneViewState":{"m_AlwaysRefresh":false,"showFog":true,"showSkybox":false,"showFlares":true,"showImageEffects":true,"showParticleSystems":true,"showVisualEffectGraphs":true,"m_FxEnabled":true},"in2DMode":false,"pivot":{"x":112.82012939453125,"y":57.79222106933594,"z":52.678863525390628},"rotation":{"x":0.00691788736730814,"y":0.6838994026184082,"z":-0.006235386710613966,"w":0.7296445965766907},"size":200.44577026367188,"orthographic":false}