{"cameraMode":{"drawMode":0,"name":"Shaded","section":"Shading Mode"},"sceneLighting":true,"audioPlay":false,"sceneViewState":{"m_AlwaysRefresh":false,"showFog":true,"showSkybox":false,"showFlares":true,"showImageEffects":true,"showParticleSystems":true,"showVisualEffectGraphs":true,"m_FxEnabled":true},"in2DMode":false,"pivot":{"x":108.55296325683594,"y":-192.68910217285157,"z":241.5326385498047},"rotation":{"x":-0.35386934876441958,"y":-0.026661569252610208,"z":0.010633349418640137,"w":-0.9350428581237793},"size":200.44577026367188,"orthographic":false}